1 Neile   McMilla nmcmillam0@google.ca   Female 116.152.45.193  2 Simonne Ladlow  sladlow1@quantcast.com Female 25.184.3.91     3 Stacia  Fludder sfludder2@google.es    Female 108.172.187.135 4 Fiona   Kuban   fkuban3@scribd.com     Female 217.248.254.113 5 Etan    Brunick ebrunicke4@kickstarter Male   69.192.192.57   6 Isiahi  Matias  imatias5@plala.or.jp   Male   81.138.212.150  7 Maye    Betham  mbetham6@symantec.com  Gender 232.28.84.143   8 Raffert Spilsbu rspilsburie7@senate.go Male   183.19.232.136  9 Cristal Heathor cheathorn8@shop-pro.jp Polyge 119.2.98.236    1 Gar     Warin   gwarin9@economist.com  Male   112.252.60.9    1 Nessie  Banaszc nbanaszczyka@ted.com   Female 211.212.238.186 1 Adrian  Batting abattingb@free.fr      Male   182.5.125.67    1 Gaspard Lehr    glehrc@slideshare.net  Male   249.202.6.157   1 Gwenny  Common  gcommond@amazon.co.uk  Gender 95.206.224.198  1 Kippy   Bockler kbocklere@amazonaws.co Male   18.20.73.152    1 Gaylene Daviddi gdaviddif@fema.gov     Female 63.60.203.246   1 Gugliel Lorkin  glorking@biblegateway. Male   206.33.89.74    1 Candra  Gadie   cgadieh@wikimedia.org  Female 124.128.141.75  1 Celie   Pietrza cpietrzaki@comcast.net Female 66.253.229.34   2 Tabbath Hadwick thadwickj@51.la        Female 127.78.77.121   2 Anatole Grugerr agrugerrk@guardian.co. Male   188.113.127.121 2 Roshell Ryrie   rryriel@zdnet.com      Gender 100.189.184.230 2 Hector  Robertu hrobertuccim@gnu.org   Gender 95.111.4.48     2 Dottie  Earl    dearln@prweb.com       Female 128.56.15.191   2 Adlai   Slad    aslado@dailymail.co.uk Male   35.249.125.4    2 Zacheri Tingey  ztingeyp@myspace.com   Male   95.0.50.179     2 Brod    Buttner bbuttnerq@mapy.cz      Male   113.206.182.47  2 Hyacint Roggema hroggemanr@cnbc.com    Female 2.245.216.128   2 Larine  Eatttok leatttoks@cocolog-nift Gender 237.144.17.219  3 Jehanna Pynner  jpynnert@marriott.com  Female 88.93.253.19    3 Durante Morilla dmorillau@wordpress.co Male   130.5.68.76     3 Cheryl  Foucar  cfoucarv@cam.ac.uk     Female 196.94.18.235   3 Hasty   Glasgow hglasgoww@t-online.de  Male   171.153.109.68  3 Tyrus   Hurch   thurchx@usgs.gov       Male   138.76.14.76    3 Darrell Thursfi dthursfieldy@sakura.ne Non-bi 113.84.169.75   3 Quinn   Joddins qjoddinsz@theglobeandm Male   21.213.211.46   3 Burg    Mackrie bmackriell10@examiner. Male   59.85.16.105    3 Joete   Waldock jwaldock11@simplemachi Female 213.219.240.222 3 Trefor  Sitling tsitlington12@adobe.co Male   156.56.135.124  4 Garrick Fritsch gfritschel13@illinois. Male   154.188.58.150  4 Hammad  Tran    htran14@geocities.jp   Male   66.22.91.57     4 Alastai Ravenhi aravenhills15@latimes. Male   53.31.106.80    4 Chance  Pischof cpischoff16@free.fr    Male   225.211.37.38   4 Bartlet Casey   bcasey17@bing.com      Male   109.12.193.180  4 Thomasi Sellens tsellens18@pen.io      Female 163.160.147.112 4 Shelden Gush    sgush19@zdnet.com      Male   171.35.79.233   4 Mickie  Gosnall mgosnall1a@friendfeed. Non-bi 4.179.177.225   4 Delinda Robbey  drobbey1b@gizmodo.com  Female 124.244.170.18  4 Bibbye  Struthe bstruthers1c@joomla.or Female 254.77.114.197  5 Alexand Challic achallice1d@soup.io    Male   26.127.120.14   5 Gabriel Bezarra gbezarra1e@answers.com Male   251.137.43.225  5 Pavel   Brunsta pbrunstan1f@woothemes. Male   236.245.28.145  5 Morrie  Geibel  mgeibel1g@newyorker.co Male   19.90.57.100    5 Raynell Kurtis  rkurtis1h@google.co.uk Female 212.171.185.68  5 Liliane Newport lnewport1i@umn.edu     Female 73.178.132.2    5 Susi    Honeygh shoneyghan1j@netscape. Female 189.239.214.212 5 Guthry  Spikins gspikins1k@seesaa.net  Male   241.108.14.55   5 Emmalyn Helix   ehelix1l@nsw.gov.au    Female 253.248.221.197 5 Frederi Klossma fklossmann1m@geocities Male   231.205.177.240 6 Valery  Warry   vwarry1n@vistaprint.co Female 146.53.171.169  6 Nikanik Blackla nblacklawe1o@oaic.gov. Female 177.223.93.197  6 Roman   Godbald rgodbald1p@va.gov      Male   228.193.20.123  6 Caesar  Manches cmanchester1q@cbslocal Male   125.51.4.19     6 Emlynn  Beaty   ebeaty1r@tripadvisor.c Female 183.201.187.14  6 Lyndel  Fern    lfern1s@wunderground.c Female 211.221.42.102  6 Alvis   Winley  awinley1t@hhs.gov      Male   1.205.133.241   6 Halette Fogden  hfogden1u@yellowpages. Female 64.28.51.68     6 Wendy   Dedenha wdedenham1v@aboutads.i Female 86.14.211.155   6 Reena   Belcher rbelcher1w@businesswee Female 6.118.44.42     7 Jaymie  Lumbers jlumbers1x@merriam-web Male   194.228.176.71  7 Marshal Liccard mliccardi1y@phpbb.com  Male   176.21.250.92   7 Lewes   Bultitu lbultitude1z@washingto Male   123.91.97.61    7 Dav     Ashfold dashfold20@webeden.co. Male   199.193.68.254  7 Jany    Klemps  jklemps21@ehow.com     Female 96.145.95.135   7 Tait    Pettet  tpettet22@seesaa.net   Male   241.152.103.229 7 Merell  Hayland mhaylands23@mit.edu    Male   236.19.171.117  7 Doralyn McGauhy dmcgauhy24@marketwatch Female 53.84.174.135   7 Sophron de Mull sdemullett25@amazonaws Female 187.68.158.189  7 Allissa Wherret awherrett26@linkedin.c Female 33.73.120.52    8 Nedda   Fronzek nfronzek27@state.tx.us Female 95.169.96.132   8 Sammie  Zellner szellner28@themeforest Male   32.92.124.158   8 Rodolph Craisfo rcraisford29@ebay.co.u Male   128.232.178.135 8 Barney  Pesak   bpesak2a@soundcloud.co Male   132.0.23.212    8 Shel    Eustis  seustis2b@yandex.ru    Female 251.188.13.9    8 Chip    Robelet crobelet2c@harvard.edu Male   63.0.233.131    8 Guido   Seville gseville2d@ezinearticl Male   11.192.30.93    8 Thom    Hartas  thartas2e@ezinearticle Male   24.243.217.106  8 Dari    Lonsbro dlonsbrough2f@upenn.ed Female 160.203.239.156 8 Danny   Willden dwillden2g@pen.io      Male   137.132.134.119 9 Ritchie Pawle   rpawle2h@w3.org        Male   239.119.238.180 9 Brody   Powder  bpowder2i@cdc.gov      Male   207.139.96.163  9 Dexter  Folbige dfolbige2j@shinystat.c Male   114.28.116.193  9 Robinet Joscely rjoscelyn2k@sciencedai Male   166.152.213.201 9 Beatris Dunlap  bdunlap2l@seesaa.net   Female 81.0.79.25      9 Rubetta Rutledg rrutledge2m@furl.net   Female 192.191.183.42  9 Zachari Kell    zkell2n@alibaba.com    Male   180.107.23.22   9 Bill    Jermey  bjermey2o@europa.eu    Female 52.107.94.241   9 Darnall Merrell dmerrell2p@mysql.com   Male   254.32.35.170   9 Auroora Marriot amarriott2q@senate.gov Female 252.244.113.54  1 Chariot Lavalde clavalde2r@berkeley.ed Male   20.34.73.117    1 Colan   Couche  ccouche2s@multiply.com Male   230.43.63.202   1 Roman   Andreop randreopolos2t@statcou Male   254.137.241.236 1 Hildy   Beames  hbeames2u@shareasale.c Female 254.165.252.16  1 Hobey   Macrae  hmacrae2v@epa.gov      Male   88.164.40.12    1 Neron   Spoerl  nspoerl2w@so-net.ne.jp Male   73.159.155.245  1 Gallard D'Arrig gdarrigo2x@nature.com  Agende 25.191.20.126   1 Julie   Ortells jortells2y@cdc.gov     Male   244.195.60.227  1 Harland Trubsha htrubshawe2z@google.co Male   244.134.37.247  1 Berry   Allchor ballchorn30@prnewswire Female 220.201.221.128 1 Fanni   Hawke   fhawke31@princeton.edu Female 132.215.254.224 1 Barry   Corde   bcorde32@sfgate.com    Female 41.168.63.12    1 Harley  Mathers hmathers33@ibm.com     Female 237.109.208.251 1 Carolyn Lambroo clambrook34@youtu.be   Female 242.196.211.170 1 Fanya   Dunwood fdunwoody35@ucoz.ru    Bigend 28.171.43.46    1 Ryley   Considi rconsidine36@bbb.org   Male   152.226.145.158 1 Delilah Shephar dshephard37@moonfruit. Female 16.202.33.250   1 Eyde    Skellor eskellorne38@dmoz.org  Female 54.223.229.196  1 Kale    Fairney kfairney39@weebly.com  Male   215.227.251.196 1 Kingsto Larchie klarchiere3a@cbslocal. Male   164.244.94.54   1 Egon    Leatt   eleatt3b@hhs.gov       Male   235.129.30.182  1 Ivett   Babb    ibabb3c@google.it      Female 32.181.202.182  1 Ingrid  Peagrim ipeagrim3d@geocities.c Female 243.224.163.44  1 Marigol Reading mreadings3e@posterous. Bigend 107.221.108.104 1 Simonet Abethel sabethell3f@unc.edu    Female 161.242.238.235 1 Jasun   Scoble  jscoble3g@adobe.com    Male   192.89.181.72   1 Antoniu Cordeir acordeiro3h@smh.com.au Male   216.9.39.5      1 Carriss Shegog  cshegog3i@printfriendl Female 248.231.44.126  1 Lexis   Foux    lfoux3j@ustream.tv     Gender 226.26.189.155  1 Derby   Cumpsty dcumpsty3k@newsvine.co Male   188.62.197.164  1 Andria  Scryne  ascryne3l@pcworld.com  Female 217.63.89.27    1 Kerr    Streade kstreader3m@addthis.co Male   78.217.136.176  1 Alexis  Helwig  ahelwig3n@cpanel.net   Female 187.109.27.205  1 Frankli Bettles fbettleson3o@dmoz.org  Male   29.88.27.160    1 Ray     Sainthi rsainthill3p@fastcompa Male   18.205.227.87   1 Fletch  Romanet fromanetti3q@fastcompa Male   44.88.201.191   1 Aubrey  Giamell agiamelli3r@typepad.co Male   248.237.190.24  1 Eldridg Osan    eosan3s@yelp.com       Male   132.65.152.22   1 Nerte   Kingdon nkingdon3t@whitehouse. Female 155.76.23.233   1 Berget  Haydney bhaydney3u@home.pl     Female 168.145.7.137   1 Guido   Linck   glinck3v@sphinn.com    Male   142.20.193.91   1 Barney  Fancour bfancourt3w@java.com   Male   119.18.52.133   1 Patin   Brimble pbrimblecomb3x@themefo Gender 25.26.248.23    1 Roberto Bakewel rbakewell3y@studiopres Male   145.19.62.94    1 Deeann  Sonier  dsonier3z@stumbleupon. Female 189.199.22.102  1 Harlie  Hawtry  hhawtry40@foxnews.com  Female 91.134.26.152   1 Shandee Padell  spadell41@topsy.com    Female 145.109.156.38  1 Annora  Berthel aberthelet42@moonfruit Female 182.179.37.129  1 Waverly Heamus  wheamus43@rediff.com   Male   195.145.70.185  1 Thatch  Bullerw tbullerwell44@example. Male   84.34.15.228    1 Kaia    Gilling kgilling45@alexa.com   Female 182.194.49.40   1 Monti   Fleury  mfleury46@bbb.org      Male   224.33.220.34   1 Auguste Cruiksh acruikshanks47@techcru Female 249.93.91.237   1 Lorna   Rebbeck lrebbeck48@xinhuanet.c Agende 156.161.5.136   1 Peggy   Melbour pmelbourn49@slideshare Gender 149.100.128.113 1 Lira    Splevin lspleving4a@telegraph. Female 255.138.174.154 1 Kathy   Fears   kfears4b@sun.com       Female 208.68.103.126  1 Lorenzo Scamadi lscamadin4c@sogou.com  Male   112.54.86.115   1 Brice   Middiff bmiddiff4d@t-online.de Male   189.143.208.131 1 Addie   Dahler  adahler4e@etsy.com     Male   166.158.9.191   1 Edith   Pizzie  epizzie4f@bluehost.com Female 47.119.123.40   1 Linn    Chidley lchidley4g@samsung.com Male   58.24.33.107    1 Iolanth Clohess iclohessy4h@biblegatew Female 203.145.111.38  1 Arabel  Tuxill  atuxill4i@altervista.o Non-bi 179.153.5.189   1 Hastie  Appleya happleyard4j@flavors.m Male   244.43.22.184   1 Leonerd Faunch  lfaunch4k@icq.com      Male   62.20.88.249    1 Danya   Warnes  dwarnes4l@telegraph.co Male   1.206.169.246   1 Cassaun Divers  cdivers4m@ox.ac.uk     Female 6.48.142.62     1 Cordy   Guerre  cguerre4n@jigsy.com    Female 250.79.25.68    1 Phebe   Martino pmartinot4o@com.com    Female 253.125.102.99  1 Cull    Ashbrid cashbridge4p@go.com    Agende 37.206.84.205   1 Floyd   Molan   fmolan4q@istockphoto.c Male   210.63.83.191   1 Claudin Withrop cwithrop4r@tamu.edu    Bigend 78.181.158.208  1 Madelin Skeats  mskeats4s@china.com.cn Female 166.129.248.213 1 Skye    Baglow  sbaglow4t@go.com       Male   253.89.124.166  1 Libbi   Ghidett lghidetti4u@google.pl  Female 110.147.159.122 1 Greta   Darco   gdarco4v@dot.gov       Female 171.30.50.7     1 Margare Prinne  mprinne4w@economist.co Polyge 12.204.51.17    1 Ella    Wiley   ewiley4x@pen.io        Female 28.156.117.204  1 Aviva   Down    adown4y@t-online.de    Polyge 191.86.213.48   1 Sherye  Guerrei sguerreiro4z@skype.com Female 151.152.7.236   1 Rhianna Duckham rduckham50@illinois.ed Female 36.31.2.172     1 Leicest Gorch   lgorch51@home.pl       Male   224.185.75.33   1 Gates   Wyne    gwyne52@e-recht24.de   Female 40.121.46.69    1 Diann   Shama   dshama53@salon.com     Female 14.34.11.60     1 Georg   Noto    gnoto54@archive.org    Male   17.250.1.38     1 Aurore  Willock awillock55@rediff.com  Female 7.95.166.221    1 Halsy   Dandy   hdandy56@scribd.com    Male   195.89.35.35    1 Randi   Wyeth   rwyeth57@sciencedirect Male   21.215.26.136   1 Bastien MacKnoc bmacknocker58@hatena.n Male   58.240.111.142  1 Hubert  Rupp    hrupp59@blogspot.com   Male   99.111.146.206  1 Dania   Blakema dblakeman5a@opensource Female 151.17.41.39    1 Carolyn Rohlfin crohlfing5b@chron.com  Female 116.114.52.216  1 Durante Valens- dvalenssmith5c@yahoo.c Male   125.195.20.95   1 Jordan  O'Garme jogarmen5d@biglobe.ne. Male   17.82.200.244   1 Willett Castell wcastellan5e@oakley.co Female 9.100.137.226   1 Barthel Feetham bfeetham5f@tinypic.com Male   106.247.245.246 1 Hildy   Ratclif hratcliffe5g@hibu.com  Female 60.147.42.241   1 Mureil  Murdie  mmurdie5h@alibaba.com  Female 187.140.45.212  1 Jasmine Wallach jwallach5i@discuz.net  Female 155.11.230.117  2 Garnett Lieberm gliebermann5j@mozilla. Female 147.148.67.8    2 Staci   Jerke   sjerke5k@netvibes.com  Female 144.237.89.52   2 Myra    Merrell mmerrell5l@edublogs.or Female 235.78.202.131  2 Guthrey Larvent glarvent5m@time.com    Male   5.4.226.133     2 Earle   Danielc edanielczyk5n@icio.us  Male   69.17.33.66     2 Dara    Horstea dhorstead5o@netlog.com Female 214.125.221.239 2 Brew    Gaule   bgaule5p@w3.org        Male   0.143.10.145    2 Ludvig  Timpany ltimpany5q@unc.edu     Male   191.118.173.228 2 Catina  Limb    climb5r@skype.com      Polyge 248.94.73.39    2 Godiva  Cottel  gcottel5s@topsy.com    Female 110.94.85.118   2 Annora  Shrigle ashrigley5t@altervista Female 252.243.149.106 2 Oralia  Audrey  oaudrey5u@ocn.ne.jp    Female 115.118.245.242 2 Woody   Lugden  wlugden5v@com.com      Male   82.38.43.172    2 Windham Bollon  wbollon5w@upenn.edu    Male   104.205.21.58   2 Nev     Bonds   nbonds5x@mozilla.com   Male   49.80.225.49    2 Eugenie Writer  ewriter5y@house.gov    Female 167.13.100.14   2 Riannon Hukin   rhukin5z@utexas.edu    Female 10.182.14.121   2 Charles Feehery cfeehery60@google.co.u Male   106.141.40.163  2 Klara   Teece   kteece61@gmpg.org      Female 38.42.72.190    2 Ertha   Beresfo eberesford62@sourcefor Female 13.96.227.158   2 Laurell Martuse lmartusewicz63@dot.gov Bigend 183.52.84.49    2 Louiset Mapowde lmapowder64@theatlanti Female 81.194.211.247  2 Ernst   Maudlin emaudlin65@ed.gov      Male   162.82.182.173  2 Kelly   Pittend kpittendreigh66@tmall. Male   177.83.46.115   2 Rudy    Yurevic ryurevich67@upenn.edu  Male   73.187.173.214  2 Wiley   Geillie wgeillier68@cpanel.net Male   186.203.188.30  2 Vanny   Duro    vduro69@yandex.ru      Female 107.144.7.222   2 Harwill Dibnah  hdibnah6a@whitehouse.g Male   11.181.19.232   2 Keefe   Baser   kbaser6b@blog.com      Male   46.139.230.210  2 Ilise   Daymond idaymond6c@auda.org.au Female 228.56.48.217   2 Dael    Lebarre dlebarree6d@foxnews.co Male   33.200.115.171  2 Saunder Froude  sfroude6e@ifeng.com    Male   9.162.4.173     2 Glynis  Ingarfi gingarfield6f@t-online Female 6.79.16.189     2 Diane   Bultitu dbultitude6g@dagondesi Female 102.70.4.201    2 Mab     McCay   mmccay6h@friendfeed.co Female 108.79.77.142   2 Taber   Sweetna tsweetnam6i@smh.com.au Male   130.92.176.95   2 Obadias McBeath omcbeath6j@mysql.com   Male   12.62.251.97    2 Leanora Stiffki lstiffkins6k@ebay.co.u Female 155.101.15.63   2 Stacy   Buckie  sbuckie6l@ifeng.com    Male   230.127.202.231 2 Stephen Anstie  sanstie6m@list-manage. Male   197.150.34.129  2 Garnet  Tune    gtune6n@tmall.com      Female 98.135.146.78   2 Elisha  Jeannin ejeannin6o@earthlink.n Male   109.205.203.30  2 Basilio O'Rourk borourke6p@irs.gov     Male   125.110.167.77  2 Hyacint Leverin hleverington6q@booking Female 42.208.10.48    2 Elfreda Perrat  eperrat6r@huffingtonpo Female 46.109.167.254  2 Eduardo Bockler ebockler6s@shutterfly. Male   227.47.174.134  2 Babs    Moir    bmoir6t@google.com.hk  Female 8.151.246.97    2 Bernade Bullimo bbullimore6u@feedburne Female 88.46.227.235   2 Selinda Dorrell sdorrell6v@arstechnica Female 235.150.250.211 2 Estelle Flatte  eflatte6w@hatena.ne.jp Bigend 241.236.248.99  2 Clayton Reignar creignard6x@gnu.org    Male   243.40.84.153   2 Hilly   Ewols   hewols6y@gravatar.com  Male   222.224.153.27  2 Monte   Antonop mantonopoulos6z@livejo Male   217.198.0.181   2 Irena   Beeze   ibeeze70@tripod.com    Female 67.146.101.186  2 Kincaid Como    kcomo71@de.vu          Male   103.66.21.146   2 Chase   Van der cvandervelden72@scienc Male   168.189.65.245  2 Elise   Bollins ebollins73@time.com    Female 173.17.5.76     2 Andra   Maybery amaybery74@webmd.com   Female 120.57.57.243   2 Sylvia  Keer    skeer75@bandcamp.com   Female 159.88.238.226  2 Karoly  Trencha ktrenchard76@com.com   Agende 12.164.99.216   2 Cahra   Genneri cgennerich77@fc2.com   Female 204.170.155.57  2 Conrad  Tawn    ctawn78@samsung.com    Male   188.128.24.225  2 Justino Goodban jgoodband79@yahoo.co.j Male   207.106.176.158 2 Wye     O'Reaga woreagan7a@cam.ac.uk   Male   194.86.21.45    2 Ailee   Sizland asizland7b@nature.com  Female 188.137.43.126  2 Nikkie  Spare   nspare7c@opera.com     Female 109.56.96.48    2 Eda     Davidy  edavidy7d@msn.com      Female 189.51.120.30   2 Jsandye Morriss jmorrissey7e@springer. Female 11.105.29.240   2 Norri   Ormston normston7f@who.int     Female 59.186.181.53   2 Addie   Jarrett ajarrette7g@zimbio.com Male   62.162.124.15   2 Thane   Tuckwel ttuckwell7h@ibm.com    Male   109.33.83.239   2 Reese   Corsan  rcorsan7i@stumbleupon. Male   145.82.228.143  2 Mac     Duplan  mduplan7j@un.org       Male   133.6.198.117   2 Glenda  De Bern gdebernardis7k@nymag.c Agende 148.239.106.196 2 Roxie   Wipperm rwippermann7l@census.g Female 178.193.166.237 2 Leroy   Tordoff ltordoff7m@gizmodo.com Male   230.243.196.235 2 Tonnie  Laidlow tlaidlow7n@yelp.com    Male   91.78.214.33    2 Denna   Sandave dsandaver7o@mapquest.c Female 70.169.191.181  2 Dyana   Brinded dbrinded7p@hhs.gov     Female 70.232.207.19   2 Travus  Strongh tstronghill7q@pcworld. Non-bi 79.113.248.152  2 Jeremia Bentote jbentote7r@uol.com.br  Male   20.106.3.90     2 Guntar  Gossing ggossington7s@baidu.co Male   192.157.45.236  2 De witt Rosenst drosenstiel7t@webmd.co Male   88.238.220.12   2 Paolina Malins  pmalins7u@newsvine.com Female 27.84.181.67    2 Marney  Forber  mforber7v@sciencedirec Female 147.152.25.198  2 Milt    Raeburn mraeburn7w@weibo.com   Agende 43.34.173.239   2 Sinclar Ailsbur sailsbury7x@nyu.edu    Male   95.22.211.59    2 Whitney Haslock whaslocke7y@unc.edu    Male   193.254.158.218 2 Roscoe  O'Sharr rosharry7z@china.com.c Male   151.27.59.151   2 Druci   Scullin dscullin80@tmall.com   Gender 202.152.20.196  2 Sherie  Furlong sfurlonge81@ihg.com    Female 88.158.88.3     2 Maryann Buske   mbuske82@mapy.cz       Female 54.182.99.15    2 Rosmund Gallon  rgallon83@cbslocal.com Polyge 246.201.94.28   2 Kristie Gatesma kgatesman84@parallels. Female 192.196.85.150  2 Antoine Stebles astebles85@wikia.com   Male   121.14.82.21    2 Jermain Marcham jmarcham86@so-net.ne.j Male   159.158.77.163  2 Berri   Hake    bhake87@tinypic.com    Female 65.24.245.178   2 Maisie  Lingfoo mlingfoot88@seesaa.net Female 21.53.240.125   2 Hesther Treneer htreneer89@jiathis.com Female 126.217.118.232 2 Delinda Illings dillingsworth8a@latime Female 231.30.33.39    3 Alicia  Momford amomford8b@deliciousda Gender 220.65.98.108   3 Whit    Spreull wspreull8c@furl.net    Male   190.8.214.64    3 Gretche Petrie  gpetrie8d@paypal.com   Female 105.11.136.112  3 Clare   Rushfor crushforth8e@vinaora.c Male   253.173.225.243 3 Elinor  Giorgiu egiorgiutti8f@51.la    Female 144.79.75.197   3 Norri   Daubeny ndaubeny8g@themeforest Female 184.41.25.141   3 Jacqui  Yewdale jyewdale8h@ted.com     Female 51.113.221.54   3 Dione   Frenzel dfrenzel8i@uiuc.edu    Female 221.196.109.87  3 Ricky   Druce   rdruce8j@mashable.com  Male   7.164.206.121   3 Rodi    Granham rgranham8k@deliciousda Female 84.62.219.198   3 Mavis   Pratten mpratten8l@eventbrite. Female 250.23.14.223   3 Marius  Mauvin  mmauvin8m@si.edu       Male   72.242.79.30    3 Vernor  Mahy    vmahy8n@woothemes.com  Male   116.4.207.6     3 Taylor  Warcup  twarcup8o@imageshack.u Male   25.207.50.39    3 Laurens Murrell lmurrell8p@zdnet.com   Male   149.118.90.59   3 Theress Versey  tversey8q@amazonaws.co Bigend 228.20.13.71    3 Yovonnd Broy    ybroy8r@youku.com      Female 130.146.45.162  3 Othelia Laborde olaborde8s@furl.net    Female 192.71.173.4    3 Tommie  Frome   tfrome8t@netvibes.com  Male   96.118.85.240   3 Meg     Sanchiz msanchiz8u@usgs.gov    Female 254.15.13.133   3 Jeni    Dight   jdight8v@scribd.com    Female 77.233.254.20   3 Chuck   Ballist cballister8w@fema.gov  Male   47.1.214.225    3 Albrech Bonnier abonnier8x@github.io   Male   23.123.171.158  3 Bary    Tallent btallent8y@joomla.org  Male   253.102.210.65  3 Daphna  De La C ddelacote8z@yahoo.co.j Female 210.240.186.40  3 Mariell Drain   mdrain90@arstechnica.c Female 224.77.77.86    3 Noam    Himswor nhimsworth91@cloudflar Male   143.101.83.195  3 Moses   Bladder mbladder92@geocities.j Male   4.158.158.199   3 Derek   Jedrych djedrychowski93@hugedo Male   108.91.231.109  3 Gretal  Nordass gnordass94@pinterest.c Female 9.151.42.138    3 Upton   Frankie ufrankiewicz95@booking Male   114.13.170.19   3 Rianon  Oldridg roldridge96@fema.gov   Female 167.151.102.0   3 Karna   St Pier kstpierre97@home.pl    Female 57.92.152.96    3 Cindely Spire   cspire98@multiply.com  Female 248.60.224.88   3 Edsel   Crasswe ecrasswell99@va.gov    Male   239.11.140.15   3 Aleksan Scamade ascamaden9a@chicagotri Male   28.31.9.134     3 Di      Gregh   dgregh9b@i2i.jp        Female 125.23.63.89    3 Davon   Killen  dkillen9c@google.com.h Male   97.140.72.255   3 Maynord Garrioc mgarrioch9d@cyberchimp Male   31.105.12.184   3 Zaccari Milward zmilward9e@archive.org Male   23.97.104.75    3 Gaelan  McCole  gmccole9f@slashdot.org Male   208.9.125.236   3 Gilemet Stendal gstendall9g@nbcnews.co Female 226.96.117.243  3 Renaldo Cordeau rcordeau9h@tmall.com   Male   142.214.87.125  3 Dayna   McKew   dmckew9i@cbsnews.com   Female 110.32.169.251  3 Yehudit Harber  yharber9j@springer.com Male   232.78.34.90    3 Ashia   Anstie  aanstie9k@reverbnation Female 97.228.29.201   3 Findley Saunton fsaunton9l@earthlink.n Male   231.79.143.196  3 Darda   Van der dvanderdaal9m@forbes.c Female 47.40.35.106    3 Osmund  Di Carl odicarli9n@ca.gov      Male   214.161.27.121  3 Felice  Julien  fjulien9o@fema.gov     Male   61.79.173.68    3 Rouvin  Sumshon rsumshon9p@weebly.com  Male   65.117.130.129  3 Boigie  Choffin bchoffin9q@zdnet.com   Male   128.112.118.31  3 Mora    Munnery mmunnery9r@rediff.com  Female 91.191.0.156    3 Vin     Meharry vmeharry9s@quantcast.c Male   65.38.175.26    3 Caritta Blowers cblowers9t@bing.com    Polyge 17.137.251.187  3 Shauna  Sinclar ssinclar9u@si.edu      Agende 142.22.47.212   3 Mireiel Buttres mbuttress9v@hostgator. Female 155.149.76.191  3 Zebadia Barstow zbarstow9w@purevolume. Male   82.109.75.137   3 Cayla   Cowcha  ccowcha9x@pinterest.co Female 79.204.7.65     3 Fleuret Gunthor fgunthorpe9y@princeton Female 81.103.211.114  3 Ernest  Barrows ebarrows9z@mozilla.org Male   60.196.5.69     3 Cristy  Recke   creckea0@blogs.com     Female 110.130.247.167 3 Leticia Mathon  lmathona1@joomla.org   Non-bi 194.138.253.14  3 Kaile   Benniso kbennisona2@digg.com   Female 123.123.14.180  3 Tom     Christa tchristaeasa3@yellowpa Male   11.60.90.183    3 Eugen   Lydiate elydiatea4@theguardian Male   38.147.60.245   3 Thain   Skipper tskipperbottoma5@who.i Male   189.210.58.112  3 Carlyle Ellingw cellingwortha6@craigsl Male   160.196.32.8    3 Urson   Girard  ugirarda7@vinaora.com  Male   64.137.39.98    3 Louisa  Moodie  lmoodiea8@merriam-webs Female 17.255.111.149  3 Joeann  Tonsley jtonsleya9@msn.com     Female 179.75.111.209  3 Jerri   Presser jpresseraa@mediafire.c Gender 247.255.214.111 3 Nelson  Wyper   nwyperab@ameblo.jp     Male   70.233.9.246    3 Cary    Jiracek cjiracekac@paypal.com  Female 243.43.99.171   3 Noach   Gauvain ngauvainad@netlog.com  Male   178.152.178.87  3 Sawyere Licciar slicciardielloae@refer Male   164.173.24.81   3 Ignaciu Garriga igarriganaf@edublogs.o Male   64.10.132.56    3 Osmond  Welden  oweldenag@yandex.ru    Male   13.49.91.193    3 Beverli Allisto ballistonah@jalbum.net Female 37.210.14.103   3 Shawnee Aureliu saureliusai@geocities. Female 154.79.0.26     3 Gwenett Haps    ghapsaj@sfgate.com     Female 219.176.63.134  3 Consuel MacMene cmacmenemyak@bravesite Female 218.1.233.110   3 Maryann McGlaug mmcglaughnal@berkeley. Female 253.43.51.34    3 Jaine   Horning jhorningam@eepurl.com  Female 163.79.220.117  3 Ford    Rowston frowstonan@wsj.com     Male   22.16.185.4     3 Myrna   Ladyman mladymanao@vinaora.com Agende 159.185.204.23  3 Jacinta Yates   jyatesap@eepurl.com    Female 107.38.116.194  3 Rudolf  Buntine rbuntineaq@soundcloud. Male   249.162.169.39  3 Winne   Dederic wdederickar@prweb.com  Female 195.222.29.252  3 Teddy   Cantero tcanteroas@telegraph.c Female 174.28.173.213  3 Rasla   Simmins rsimminsat@eventbrite. Female 86.87.9.170     3 Bertie  Kalker  bkalkerau@google.com.b Male   106.159.205.196 3 Taddeo  Watling twatlingav@gravatar.co Agende 63.159.174.184  3 Anselma Taggert ataggertaw@census.gov  Female 41.47.169.253   3 Katheri Brickse kbrickseyax@ustream.tv Female 125.129.236.228 3 Ely     Gales   egalesay@un.org        Male   186.154.122.159 3 Jolee   Claremo jclaremontaz@reuters.c Female 111.197.176.68  3 Rene    Sturdge rsturdgessb0@moonfruit Female 207.237.116.119 3 Tulley  Jone    tjoneb1@yolasite.com   Male   214.179.14.144  3 Fleming Pinnick fpinnickb2@facebook.co Non-bi 192.92.10.214   4 Chiquit Hansbur chansburyb3@youtu.be   Female 98.19.91.32     4 Margalo Rosensh mrosenshineb4@cargocol Female 9.8.155.201     4 Reynold Marryat rmarryattb5@ustream.tv Male   85.95.162.211   4 Rodge   Lipman  rlipmanb6@csmonitor.co Male   120.94.23.152   4 Bianka  Chalk   bchalkb7@com.com       Female 50.232.121.236  4 Rebecka Brophy  rbrophyb8@webmd.com    Female 204.77.196.198  4 Garret  Bilham  gbilhamb9@studiopress. Male   232.147.82.16   4 Garald  Beadel  gbeadelba@usgs.gov     Male   122.217.25.32   4 Aundrea Crielly acriellybb@ning.com    Female 202.16.16.71    4 Pearlin Chestle pchestlebc@bloglovin.c Female 142.112.36.161  4 Elwin   Simeone esimeonebd@bloomberg.c Male   216.217.29.240  4 Horatia Blackli hblacklidgebe@archive. Female 70.72.22.242    4 Roarke  Firpo   rfirpobf@gmpg.org      Male   173.177.97.252  4 Shawnee McRuvie smcruviebg@businessins Female 155.243.244.84  4 Chadd   McNickl cmcnicklebh@weather.co Male   180.85.131.171  4 Jerry   Snewin  jsnewinbi@tamu.edu     Male   251.4.227.118   4 Fulvia  Stone   fstonebj@xing.com      Agende 135.45.49.42    4 Hayden  O'Moyla homoylanebk@ycombinato Male   160.168.139.210 4 Coleen  Dineen  cdineenbl@jalbum.net   Bigend 202.7.181.231   4 Darelle Wank    dwankbm@elegantthemes. Female 167.175.15.226  4 Cathlen Lebrun  clebrunbn@xinhuanet.co Female 244.212.76.36   4 Jilly   Cicccit jcicccittibo@washingto Female 101.43.40.156   4 Teirtza Nusche  tnuschebp@blogs.com    Female 6.48.227.32     4 Cullan  Aingel  caingelbq@springer.com Male   150.84.104.250  4 Bab     MacVaug bmacvaughbr@simplemach Female 249.63.247.48   4 Deanne  Smittou dsmittounebs@dedecms.c Female 31.196.241.250  4 Kerwinn Wadly   kwadlybt@blogs.com     Male   198.180.202.250 4 Ada     Zelake  azelakebu@economist.co Female 10.52.144.69    4 Ina     Adamovi iadamovitzbv@scribd.co Female 17.21.65.14     4 Zachery Ramelet zrameletbw@samsung.com Male   226.57.42.82    4 Gerhard Arundel garundelbx@meetup.com  Male   246.222.193.54  4 Ethel   MacBrea emacbreartyby@google.c Female 137.135.206.237 4 Fallon  McGunle fmcgunleybz@newyorker. Female 116.226.49.3    4 Gerladi Tams    gtamsc0@storify.com    Female 131.44.30.234   4 Leslie  Archibo larchiboldc1@foxnews.c Agende 228.6.4.41      4 Mariann Garrold mgarroldc2@mozilla.com Agende 62.231.161.228  4 Joyceli Bubbear jbubbearc3@disqus.com  Female 218.90.107.160  4 Lisa    Surgene lsurgenerc4@berkeley.e Female 209.8.210.221   4 Ardeen  Jepense ajepensenc5@webnode.co Female 135.254.3.120   4 Jasmin  Storrah jstorrahc6@buzzfeed.co Female 48.48.3.44      4 Caitrin Snell   csnellc7@cbc.ca        Polyge 68.243.76.31    4 Corneli Imbrey  cimbreyc8@biglobe.ne.j Male   66.152.157.84   4 Iggy    Lomasne ilomasneyc9@netscape.c Male   21.52.225.99    4 Abigale William awilliamca@eventbrite. Female 83.114.95.25    4 Dov     Kidd    dkiddcb@auda.org.au    Male   14.29.151.7     4 Berenic Portloc bportlockcc@uiuc.edu   Female 166.147.153.244 4 Janean  Gautrey jgautreycd@virginia.ed Female 203.198.9.249   4 Greg    Ring    gringce@fotki.com      Male   238.118.252.144 4 Kristal Barrass kbarrassecf@jiathis.co Female 125.54.83.245   4 Joelie  Amdohr  jamdohrcg@nbcnews.com  Female 228.173.233.142 4 Fidela  Brisban fbrisbanech@multiply.c Female 193.78.75.37    4 Lind    Foucher lfoucherci@who.int     Female 36.172.19.197   4 Laurice Carpent lcarpentercj@merriam-w Female 89.11.86.51     4 Manolo  Steuart msteuartck@youtu.be    Male   191.183.138.151 4 Sybyl   Simonaz ssimonazzicl@trellian. Female 46.252.44.182   4 Robinso Olphert rolphertcm@arizona.edu Male   21.64.187.15    4 Reyna   Kinfort rkinforthcn@qq.com     Female 69.68.16.190    4 Hansiai Kinnane hkinnaneco@virginia.ed Male   16.175.37.177   4 Margot  Essame  messamecp@kickstarter. Female 203.200.98.159  4 Dorotey Leeb    dleebcq@wisc.edu       Female 60.185.223.48   4 Mellone Dalman  mdalmancr@dell.com     Female 137.113.130.180 4 Gael    Mateos  gmateoscs@tinypic.com  Female 25.34.22.49     4 Cicely  Pudsey  cpudseyct@addthis.com  Female 241.81.205.69   4 Dilan   Creedla dcreedlandcu@nhs.uk    Male   70.120.31.37    4 Nicolea Golt    ngoltcv@weather.com    Female 169.116.145.121 4 Calv    Dusey   cduseycw@lycos.com     Male   231.111.159.181 4 Melisen Ledrane mledranecx@com.com     Non-bi 6.131.56.27     4 Darb    Levet   dlevetcy@newsvine.com  Male   55.200.68.198   4 Sherlin Blethin sblethincz@360.cn      Female 227.6.42.213    4 Nelie   Werrit  nwerritd0@shinystat.co Female 197.234.252.103 4 Silvana Brownse sbrownselld1@yelp.com  Female 229.67.228.68   4 Claude  Gouda   cgoudad2@wisc.edu      Female 177.218.71.18   4 Wilt    Oda     wodad3@google.fr       Male   27.8.250.10     4 Noe     McKelvi nmckelvied4@hao123.com Male   15.234.3.103    4 Masha   Avann   mavannd5@netscape.com  Female 120.90.219.221  4 Joni    Maggi   jmaggid6@hugedomains.c Female 165.143.36.248  4 Jeremy  Purselo jpurselowed7@macromedi Male   151.230.120.136 4 Donella Winder  dwinderd8@cocolog-nift Gender 101.179.84.31   4 Annora  Cadwala acadwaladrd9@indiegogo Female 205.39.212.90   4 Obed    Casarin ocasarinida@washington Male   116.211.214.221 4 Ethelbe Durnill edurnilldb@wikimedia.o Male   46.228.62.97    4 Andee   Curedel acuredelldc@springer.c Female 155.37.24.128   4 Lennard Leisman lleismandd@spotify.com Male   234.67.42.217   4 Berni   Twinbou btwinbournede@independ Female 158.219.191.51  4 Imogen  Lube    ilubedf@state.gov      Female 89.203.17.61    4 Alberti Fillgat afillgatedg@utexas.edu Female 196.246.145.144 4 Clotild Shepear cshepearddh@weibo.com  Female 100.99.175.123  4 Jodi    Deveric jdevericksdi@sourcefor Male   5.6.154.18      4 Bonnie  Whylie  bwhyliedj@un.org       Female 202.127.148.49  4 Jarret  Mapston jmapstonedk@home.pl    Male   218.232.212.60  4 Cole    Schott  cschottdl@comcast.net  Bigend 251.156.242.191 4 Mellisa Whitlam mwhitlamdm@uol.com.br  Female 55.113.34.95    4 Isaiah  Habens  ihabensdn@t-online.de  Male   181.164.203.135 4 Doralyn Dorking ddorkingdo@g.co        Polyge 168.225.244.175 4 Angelo  Begent  abegentdp@studiopress. Male   98.77.140.206   4 Ursulin Lorand  uloranddq@github.com   Gender 182.227.9.250   4 Nanni   Braishe nbraisherdr@soup.io    Female 162.196.19.175  4 Stevana Aasaf   saasafds@bloglovin.com Female 225.48.231.206  4 Kelcy   Gierard kgierardidt@washington Female 3.51.177.9      4 Erena   Andraul eandraultdu@sun.com    Female 56.191.15.104   5 Zena    Vezey   zvezeydv@typepad.com   Female 254.205.9.80    5 Selma   Bonass  sbonassdw@sphinn.com   Female 84.109.251.172  5 Alidia  Madeley amadeleydx@paginegiall Female 222.93.247.102  5 Valeda  Squibbs vsquibbsdy@amazon.co.j Female 66.72.213.39    5 Phillip Umpleby pumplebydz@dyndns.org  Male   226.127.153.111 5 Rouvin  Gelling rgellinge0@umich.edu   Male   251.204.97.73   5 Donall  Brayley dbrayleye1@etsy.com    Male   63.144.26.146   5 Florida Craighi fcraighille2@goo.gl    Female 85.160.53.229   5 Ardeen  Jiggens ajiggense3@free.fr     Female 255.122.128.113 5 Camala  Fosdike cfosdikee4@sitemeter.c Agende 84.238.119.131  5 Harlen  Fillgat hfillgatee5@studiopres Agende 199.25.197.60   5 Roxie   Manclar rmanclarke6@ezineartic Female 55.234.19.99    5 Giselle Ertelt  gertelte7@pcworld.com  Female 143.249.182.226 5 Ken     Poulsto kpoulstone8@usnews.com Male   210.244.201.69  5 Zechari Learmon zlearmonde9@histats.co Male   193.181.233.93  5 Pietrek Perton  ppertonea@meetup.com   Male   181.175.104.6   5 Danette Coulman dcoulmaneb@dyndns.org  Female 153.162.66.108  5 Gram    Marcool gmarcoolynec@ihg.com   Male   220.10.72.230   5 Elias   Allgood eallgooded@youtu.be    Male   149.228.178.101 5 Grier   Reina   greinaee@bandcamp.com  Agende 152.25.47.63    5 Isak    Rabbe   irabbeef@creativecommo Male   226.57.237.48   5 Renard  Whysall rwhysalleg@scientifica Male   110.183.111.171 5 Sherily Paull   spaulleh@zimbio.com    Female 162.88.23.69    5 Allegra Jewitt  ajewittei@imdb.com     Female 100.149.7.100   5 Erroll  Colledg ecolledgeej@exblog.jp  Male   63.67.186.38    5 Gilbert Dewan   gdewanek@alexa.com     Female 169.252.231.5   5 Gilbert Lyttle  glyttleel@diigo.com    Female 99.41.45.176    5 Garvey  Stonehe gstonehewerem@fastcomp Male   221.202.217.93  5 Stephen Tinsley stinsleyen@yelp.com    Female 238.148.77.244  5 Merry   Frankha mfrankhameo@techcrunch Male   60.176.120.227  5 Theda   Speddin tspeddinep@xing.com    Female 176.223.209.177 5 Ramona  Robart  rrobarteq@kickstarter. Female 234.34.4.164    5 Lindie  Parman  lparmaner@stumbleupon. Bigend 190.183.217.111 5 Ayn     Embury  aemburyes@angelfire.co Female 161.103.87.32   5 Anselma Trenfie atrenfieldet@rediff.co Female 135.219.5.199   5 Silvanu Wilkenn swilkennsoneu@seattlet Male   201.108.208.17  5 Zarah   Tarbatt ztarbattev@clickbank.n Female 82.87.189.132   5 Hoyt    Jacquem hjacqueminotew@answers Male   76.240.153.117  5 Hildy   Lappine hlappineex@shutterfly. Female 7.30.137.148    5 Kettie  Scarlet kscarletey@youtube.com Female 241.143.115.239 5 Orrin   O' Fahe oofahertyez@foxnews.co Male   125.198.71.202  5 Karlan  Paolott kpaolottof0@blogspot.c Male   32.78.82.247    5 Sheba   Chittie schittief1@dyndns.org  Female 190.177.146.92  5 Roscoe  Sartin  rsartinf2@flavors.me   Male   48.23.156.154   5 Adriano Laidlow alaidlowf3@histats.com Male   199.111.229.6   5 Mike    Kliemch mkliemchenf4@senate.go Male   105.191.170.3   5 Zondra  Spreull zspreullf5@prnewswire. Female 137.155.206.222 5 Evin    Parradi eparradinef6@usnews.co Male   156.180.96.140  5 Halli   Neljes  hneljesf7@usatoday.com Female 201.55.204.126  5 Quillan Kidston qkidstonf8@ftc.gov     Male   56.28.34.105    5 Leanna  Hallibe lhallibertonf9@istockp Non-bi 156.137.183.79  5 Corrie  Kevlin  ckevlinfa@clickbank.ne Female 85.216.238.246  5 Dorotey Gale    dgalefb@ted.com        Female 233.48.161.69   5 Lorette Overel  loverelfc@cpanel.net   Female 255.173.205.153 5 Berti   Soame   bsoamefd@usda.gov      Female 242.142.123.43  5 Vicky   Costell vcostellfe@friendfeed. Female 205.145.226.161 5 Wildon  Teaze   wteazeff@pcworld.com   Male   213.146.76.229  5 Leonell Rubinov lrubinovfg@youtube.com Female 93.61.225.253   5 Tildie  Lafflin tlafflinafh@reference. Female 116.103.152.102 5 Colin   Hanshaw chanshawefi@sourceforg Male   128.3.118.105   5 Sallie  Purkess spurkessfj@ox.ac.uk    Female 233.6.164.66    5 Tobe    Trevall ttrevallionfk@jalbum.n Male   213.89.161.41   5 Mitchel Brosnan mbrosnanfl@sourceforge Male   225.218.174.54  5 Leora   Sawbrid lsawbridgefm@miibeian. Female 78.201.81.226   5 Rose    Roony   rroonyfn@joomla.org    Female 77.60.108.204   5 Immanue Weld    iweldfo@godaddy.com    Male   101.47.204.223  5 Anthiat Iremong airemongerfp@time.com  Female 220.154.153.139 5 Cyrill  Kleinha ckleinhausenfq@tuttoci Male   139.249.225.164 5 Nertie  Blowing nblowingfr@amazonaws.c Female 188.89.122.9    5 Tobit   Gadman  tgadmanfs@hatena.ne.jp Male   237.56.137.69   5 Dreddy  Beri    dberift@51.la          Female 39.226.202.43   5 Alon    Winser  awinserfu@example.com  Male   145.164.90.158  5 Dasie   Atling  datlingfv@joomla.org   Agende 211.62.136.8    5 Maximo  Benniso mbennisonfw@goo.ne.jp  Male   14.7.11.64      5 Ardith  Conrad  aconradfx@skyrock.com  Female 90.255.207.203  5 Ynez    Baudacc ybaudaccify@ehow.com   Gender 219.19.127.12   5 Casper  Bough   cboughfz@ed.gov        Male   46.93.252.144   5 Sherry  Hurdis  shurdisg0@shop-pro.jp  Female 24.78.85.127    5 Sebasti Mold    smoldg1@usnews.com     Male   140.78.179.29   5 Thomasi McGilli tmcgillivrayg2@domainm Female 164.134.169.192 5 Dwayne  Semorad dsemoradg3@homestead.c Male   59.193.161.170  5 Nelia   Bowery  nboweryg4@latimes.com  Female 94.245.252.129  5 Luis    Arnull  larnullg5@sohu.com     Male   25.244.199.90   5 Izzy    Merton  imertong6@sphinn.com   Male   84.192.190.109  5 Jewelle Bellis  jbellisg7@goo.ne.jp    Female 79.22.172.81    5 Leah    Leydon  lleydong8@elpais.com   Female 9.118.226.155   5 Cleavla Downing cdowningg9@behance.net Gender 31.14.217.11    5 Brenn   De Vuys bdevuystga@studiopress Female 167.80.162.146  5 Lou     Argrave largravegb@hexun.com   Male   219.180.78.231  5 Val     Bischop vbischopgc@about.com   Male   59.19.220.48    5 Rayna   Fieldho rfieldhousegd@wikispac Female 10.204.199.80   5 Donny   Biss    dbissge@spiegel.de     Female 168.4.140.69    5 Pier    Briscam pbriscamgf@networksolu Female 92.14.102.121   5 Gisele  Calverl gcalverleygg@addtoany. Female 125.13.204.33   5 Foster  Tatlow  ftatlowgh@com.com      Male   89.75.61.139    5 Kathy   Stetlye kstetlyegi@dedecms.com Female 0.221.48.138    5 Morrie  Butland mbutlandgj@oaic.gov.au Male   187.115.149.3   5 Ingunna Acton   iactongk@google.co.jp  Female 156.201.92.57   5 Lory    Gurg    lgurggl@myspace.com    Female 128.232.177.207 5 Herby   Quene   hquenegm@jimdo.com     Polyge 225.169.119.18  6 Dewain  Colling dcollingwoodgn@virgini Male   183.203.58.55   6 Nathana Keedwel nkeedwellgo@clickbank. Male   153.37.72.99    6 Bessie  Narrawa bnarrawaygp@psu.edu    Female 198.103.202.177 6 Haskell Shreena hshreenangq@eepurl.com Male   72.210.92.136   6 Fanya   Jakobss fjakobssengr@artisteer Female 144.16.212.240  6 Judas   Garford jgarfordgs@msn.com     Male   28.17.131.53    6 Felike  Rowter  frowtergt@shinystat.co Male   83.154.158.200  6 Galvan  Fist    gfistgu@prnewswire.com Gender 113.145.19.175  6 Zelda   Scoon   zscoongv@dedecms.com   Female 99.120.166.204  6 Eduard  Bazire  ebaziregw@gravatar.com Male   126.34.170.222  6 Elnar   Pawlata epawlatagx@gmpg.org    Male   102.131.36.145  6 Natale  Wykey   nwykeygy@amazon.de     Male   28.53.126.96    6 Brian   Deetlof bdeetlofgz@umn.edu     Male   153.156.34.220  6 Lara    Doles   ldolesh0@ezinearticles Female 80.144.233.189  6 Alejand Striven astrivensh1@devhub.com Male   71.154.213.206  6 Merrel  Tuppeny mtuppenyh2@so-net.ne.j Male   218.241.108.67  6 Ange    Dumbral adumbrallh3@comsenz.co Male   50.187.153.19   6 Koo     Kilmist kkilmisterh4@moonfruit Female 121.143.149.136 6 Zsazsa  Tertre  ztertreh5@studiopress. Female 9.148.54.187    6 Coreen  Jump    cjumph6@hubpages.com   Female 48.71.129.220   6 Merrile Endrici mendricih7@tiny.cc     Female 213.152.105.150 6 Adriaen Mordie  amordieh8@bloomberg.co Gender 109.252.53.153  6 Oates   Cumming ocummingh9@ow.ly       Male   239.254.251.235 6 Graeme  Alberts galbertsha@paginegiall Male   173.224.13.208  6 Dominiq Wellste dwellsteadhb@mapy.cz   Female 211.120.213.139 6 Donella Seywood dseywoodhc@pbs.org     Female 99.115.46.187   6 Siffre  Hiers   shiershd@tinyurl.com   Male   251.128.17.229  6 Dickie  Thunder dthundermanhe@wikia.co Male   234.26.238.3    6 Jyoti   Bugbird jbugbirdhf@homestead.c Female 65.189.90.255   6 Doria   Jime    djimehg@discuz.net     Female 202.63.170.154  6 Willett Penvarn wpenvarnehh@timesonlin Female 87.193.210.225  6 Chiarra Yves    cyveshi@taobao.com     Polyge 197.221.123.243 6 Danette Whittam dwhittamhj@livejournal Female 144.86.65.221   6 Jeno    Bryett  jbryetthk@yolasite.com Male   149.2.164.48    6 Coral   Marconi cmarconihl@cam.ac.uk   Female 136.135.196.56  6 Monro   McCarl  mmccarlhm@desdev.cn    Bigend 237.202.250.136 6 Neall   Medeway nmedewayhn@feedburner. Male   129.250.167.226 6 Zolly   Baddow  zbaddowho@vinaora.com  Male   128.14.64.46    6 Bink    Kemson  bkemsonhp@hatena.ne.jp Male   131.36.8.100    6 Korrie  Danilch kdanilchevhq@irs.gov   Female 233.58.21.70    6 Roseann Krabbe  rkrabbehr@jalbum.net   Female 106.62.95.49    6 Craig   Jumeau  cjumeauhs@behance.net  Male   198.242.127.137 6 Maximil Foreman mforemanht@scientifica Male   73.193.79.76    6 Vale    Cookney vcookneyhu@comsenz.com Female 98.66.222.233   6 Bernadi Cogan   bcoganhv@diigo.com     Female 243.32.38.167   6 Layney  Ordidge lordidgehw@tripod.com  Female 136.162.162.73  6 Grenvil Attawel gattawellhx@state.tx.u Male   75.209.51.57    6 Hadria  Tissier htissierhy@earthlink.n Polyge 16.30.222.42    6 Rufus   Waplint rwaplintonhz@tuttocitt Male   126.19.93.24    6 Katrine Kilsby  kkilsbyi0@hugedomains. Female 232.73.14.222   6 Idell   Fitzer  ifitzeri1@cbsnews.com  Female 93.169.170.197  6 Hilliar Boorman hboormani2@forbes.com  Male   126.201.122.133 6 Seline  Deaves  sdeavesi3@desdev.cn    Female 221.213.94.230  6 Cordie  Deyes   cdeyesi4@theatlantic.c Female 247.187.106.232 6 Normand Hebburn nhebburni5@princeton.e Male   41.185.2.203    6 Tommy   Butland tbutlandi6@usatoday.co Male   210.239.92.241  6 Franckl Loachhe floachheadi7@discovery Male   70.230.186.42   6 Ebenese Herley  eherleyi8@msu.edu      Male   160.202.213.107 6 Talya   Leport  tleporti9@wsj.com      Female 220.48.186.11   6 Isaac   Postin  ipostinia@chicagotribu Male   121.98.255.159  6 Townie  Simyson tsimysonib@umn.edu     Male   110.152.30.159  6 Cyrillu Urion   curionic@businesswire. Male   243.107.212.32  6 Thomas  Trout   ttroutid@sourceforge.n Male   218.44.230.214  6 Gael    Bool    gboolie@netvibes.com   Male   41.204.120.159  6 Robbie  Cairns  rcairnsif@webs.com     Female 134.136.156.53  6 Eddi    Tough   etoughig@phpbb.com     Female 79.5.163.183    6 Milena  O'Conca moconcannonih@wikimedi Female 96.215.170.32   6 Dimitry Presnel dpresnellii@umich.edu  Male   224.77.154.232  6 Addison Duguid  aduguidij@shutterfly.c Male   80.45.238.225   6 Rowen   Fredi   rfrediik@usda.gov      Male   44.126.61.144   6 Gaby    Prugel  gprugelil@artisteer.co Male   239.64.116.36   6 Emmelin Ivanenk eivanenkoim@friendfeed Female 206.98.242.219  6 Gillian Magrann gmagrannellin@privacy. Female 30.16.150.134   6 Jarrid  O'Loinn joloinnio@artisteer.co Male   158.233.227.118 6 Tarrah  MacGaff tmacgaffeyip@comcast.n Female 52.245.165.95   6 Elwyn   Hirschm ehirschmanniq@alexa.co Male   181.214.44.83   6 Erv     Drane   edraneir@jiathis.com   Male   71.71.48.215    6 Cesya   Merrgan cmerrganis@newyorker.c Female 44.7.81.74      6 Emmy    McLeman emclemanit@yandex.ru   Male   144.225.72.208  6 Vania   Kyndred vkyndrediu@home.pl     Female 246.50.235.92   6 Dolli   Gwinnel dgwinneliv@hugedomains Gender 189.214.2.38    6 Giavani O'dell  godelliw@theatlantic.c Male   238.102.114.89  6 Hugues  Holehou hholehouseix@facebook. Male   203.23.118.130  6 Derwin  Paulon  dpauloniy@google.it    Bigend 173.185.56.81   6 Ricard  Rigate  rrigateiz@fc2.com      Male   108.113.207.160 6 Lou     Tesyro  ltesyroj0@vkontakte.ru Female 47.184.35.40    6 Kearney Ivaniso kivanisovj1@vistaprint Male   14.129.231.72   6 Joby    Bisatt  jbisattj2@hugedomains. Female 249.228.78.122  6 Mateo   McMenam mmcmenamyj3@instagram. Male   94.37.55.72     6 Fawne   Redgate fredgatej4@hhs.gov     Female 139.92.166.84   6 Marybel Ogley   mogleyj5@geocities.jp  Female 167.225.5.161   6 Pietro  Manners pmannersj6@ycombinator Male   239.209.36.55   6 Wilhelm Rannell wrannellsj7@webnode.co Polyge 55.59.25.62     6 Steffen Matokhn smatokhninj8@twitpic.c Male   133.138.138.95  6 Dulsea  Emmett  demmettj9@thetimes.co. Female 185.204.253.46  6 Sadie   Nutting snuttingja@artisteer.c Female 84.60.66.67     6 Garvey  Tuckett gtuckettjb@lulu.com    Male   129.141.117.245 6 Paddie  Medwell pmedwelljc@shareasale. Male   248.12.76.182   6 Anatola Kissock akissockjd@webeden.co. Female 236.53.51.68    6 Germayn Fiske   gfiskeje@google.co.uk  Male   176.160.62.91   7 Addi    Laird-C alairdcraigjf@clickban Female 73.167.53.71    7 Ofilia  Falks   ofalksjg@artisteer.com Female 233.33.199.68   7 Fergus  Wittrin fwittringtonjh@w3.org  Male   230.107.237.28  7 Jacynth Eglaise jeglaiseji@census.gov  Gender 243.68.7.239    7 Remus   Croce   rcrocejj@ustream.tv    Male   150.186.189.226 7 Kelli   Filisov kfilisovjk@hc360.com   Female 53.120.62.156   7 Odelind Vanlint ovanlintjl@flickr.com  Non-bi 128.147.235.26  7 Tremain Brea    tbreajm@uiuc.edu       Male   4.146.142.43    7 Minor   Hargeri mhargeriejn@yolasite.c Male   221.86.239.82   7 Eleanor Gotling egotlingjo@amazon.de   Female 147.70.107.94   7 Britte  Brymner bbrymnerjp@digg.com    Female 33.10.46.156    7 Magdale Trappe  mtrappejq@nasa.gov     Female 31.109.125.233  7 Claudin Doble   cdoblejr@epa.gov       Female 41.47.134.64    7 Leia    Lenglet llengletjs@disqus.com  Female 38.184.33.250   7 Sonya   Schirac sschirachjt@youtube.co Female 22.118.232.177  7 Kandace Macci   kmacciju@fc2.com       Female 197.70.47.8     7 Rogerio Land    rlandjv@wired.com      Male   34.106.207.230  7 Elsie   Streven estrevensjw@barnesandn Female 84.51.164.96    7 Titos   Culmer  tculmerjx@4shared.com  Male   64.197.248.250  7 Marj    Helder  mhelderjy@liveinternet Female 249.51.136.112  7 Conrad  Lune    clunejz@theatlantic.co Male   118.119.190.145 7 Dione   Tripcon dtripconyk0@live.com   Female 33.182.25.211   7 Coretta Barnacl cbarnacloughk1@youtu.b Female 23.51.166.109   7 Jeddy   Reyne   jreynek2@redcross.org  Male   254.55.91.42    7 Devon   Gai     dgaik3@china.com.cn    Female 144.120.240.163 7 Aurelea MacCook amaccookk4@alexa.com   Female 152.213.42.16   7 Ebonee  Grigory egrigoryevk5@google.es Female 23.235.141.54   7 Andria  Dyter   adyterk6@free.fr       Female 232.155.124.94  7 Ricorik Lant    rlantk7@yahoo.com      Male   213.254.238.69  7 Sharlin Wallban swallbanksk8@dagondesi Gender 108.140.242.171 7 Ilyssa  Dohrman idohrmannk9@ycombinato Female 223.147.253.234 7 Donal   Pitson  dpitsonka@aboutads.inf Male   195.177.91.88   7 Andi    Haldenb ahaldenbykb@cam.ac.uk  Gender 255.247.122.49  7 Lacie   Wimes   lwimeskc@hubpages.com  Female 39.71.8.62      7 Tarah   Gibbs   tgibbskd@booking.com   Female 146.109.13.184  7 Osmond  McBayne omcbayneke@goodreads.c Male   113.96.47.153   7 Nicola  Blissit nblissittkf@flickr.com Male   99.174.142.22   7 Serene  Valinti svalintinekg@mlb.com   Female 223.48.0.153    7 Kimberl Kimmel  kkimmelkh@theguardian. Female 219.63.5.113    7 Olympia Ager    oagerki@over-blog.com  Female 115.19.218.95   7 Nissy   Ricarde nricardetkj@booking.co Female 125.54.223.51   7 Sibylle Costell scostellkk@ezinearticl Female 0.126.63.234    7 Karlik  Sandey  ksandeykl@so-net.ne.jp Male   192.161.214.130 7 Avis    Schwant aschwantkm@independent Female 75.205.248.209  7 Care    Gemelli cgemellikn@geocities.j Male   145.55.237.96   7 Josee   Shutler jshutlerko@wsj.com     Female 181.107.38.101  7 Marion  McPhate mmcphaterkp@trellian.c Female 24.140.63.125   7 Abraham Aulton  aaultonkq@imgur.com    Male   205.164.53.234  7 Robbie  Rimell  rrimellkr@printfriendl Male   227.46.221.11   7 Parke   Rosenbl prosenblumks@facebook. Male   187.240.136.116 7 Iorgos  Leney   ileneykt@privacy.gov.a Male   78.231.144.229  7 Georas  Rackham grackhamku@usa.gov     Male   109.213.73.110  7 Adey    Janczew ajanczewskikv@nasa.gov Female 92.27.182.62    7 Blancha Matress bmatressekw@mapy.cz    Female 153.237.97.20   7 Karlott Farrar  kfarrarkx@w3.org       Non-bi 40.157.113.201  7 Rawley  Laurens rlaurensonky@nasa.gov  Male   37.99.85.104    7 Wendeli Rait    wraitkz@lycos.com      Female 49.214.83.132   7 Kathe   Bansal  kbansall0@printfriendl Female 99.57.91.97     7 Josefin Durnall jdurnalll1@usgs.gov    Female 204.117.194.225 7 Gladi   Tarbet  gtarbetl2@hud.gov      Female 6.48.246.203    7 Swen    Dyshart sdyshartl3@last.fm     Male   251.18.167.141  7 Correna Haste   chastel4@csmonitor.com Female 26.63.244.20    7 Maurine Heinz   mheinzl5@house.gov     Female 147.79.205.82   7 Bobbett Iianon  biianonl6@nationalgeog Female 38.238.200.171  7 Mallory Agge    maggel7@jigsy.com      Male   147.45.110.44   7 Kimbra  Seaborn kseabornel8@google.co. Female 210.141.169.28  7 Gates   Brydone gbrydonel9@statcounter Female 79.144.235.49   7 Farrand MacFall fmacfallla@goodreads.c Female 227.231.167.252 7 Ernesti Cratere ecraterelb@free.fr     Female 176.119.253.143 7 Corette Teale   ctealelc@google.it     Female 174.231.136.121 7 Cleriss Twigger ctwiggerld@yelp.com    Female 51.127.53.76    7 Karilyn Frangio kfrangionele@google.co Female 160.116.81.212  7 Rancell Finnes  rfinneslf@apache.org   Male   199.246.3.240   7 Sigismo Brothwe sbrothwelllg@vk.com    Male   3.128.178.101   7 Harlan  Joyson  hjoysonlh@bloglovin.co Male   5.213.196.54    7 Neil    Given   ngivenli@blogger.com   Polyge 1.185.37.94     7 Raynor  Verman  rvermanlj@123-reg.co.u Male   76.4.144.87     7 Iolanth Wittier iwittierlk@flavors.me  Female 217.200.186.169 7 Chelsey Hinsch  chinschll@issuu.com    Female 236.199.12.81   7 Bonni   Graber  bgraberlm@apple.com    Agende 233.113.4.39    7 Drud    Childes dchildesln@livejournal Male   61.101.148.84   7 Maisie  Burnand mburnandlo@macromedia. Female 169.208.94.131  7 Blakele Tomasch btomaschkelp@discuz.ne Female 224.118.253.232 7 Herold  Flade   hfladelq@imdb.com      Male   250.94.229.142  7 Lowe    Jaquet  ljaquetlr@barnesandnob Male   26.220.16.88    7 Tricia  Rosgen  trosgenls@scribd.com   Female 173.2.64.77     7 Alia    Thomass athomassonlt@csmonitor Female 219.134.47.233  7 Baxie   Franzen bfranzenlu@mail.ru     Male   54.100.142.128  7 Pace    Walch   pwalchlv@hexun.com     Male   116.200.48.154  7 Jededia Lumox   jlumoxlw@prweb.com     Male   147.183.70.192  7 Maressa Denyukh mdenyukhinlx@acquireth Gender 125.123.118.251 7 Madalen Tatem   mtatemly@bbc.co.uk     Female 200.205.124.4   7 Eliza   Taylors etaylorsonlz@pinterest Female 52.57.13.109    7 Norby   Doole   ndoolem0@answers.com   Male   121.21.50.128   7 Terrill Dyde    tdydem1@zdnet.com      Male   111.17.26.52    7 Letty   Whitby  lwhitbym2@icio.us      Female 130.13.79.232   7 Lynne   Bleache lbleacherm3@lycos.com  Female 245.5.209.95    7 Morgen  Scarlet mscarlettm4@nih.gov    Female 79.132.66.156   7 Dillon  Digges  ddiggesm5@purevolume.c Male   205.71.233.113  7 Aland   Piercy  apiercym6@studiopress. Male   105.19.123.123  8 Winni   Lyster  wlysterm7@parallels.co Female 242.102.181.87  8 Giavani Flann   gflannm8@wired.com     Male   106.227.196.244 8 Waiter  Mallina wmallinarm9@ftc.gov    Male   2.169.185.31    8 Hallsy  Dilwort hdilworthma@aol.com    Male   96.149.87.122   8 Dyanne  Rides   dridesmb@home.pl       Female 245.110.168.96  8 Kurt    Lowdham klowdhammc@de.vu       Male   234.152.79.44   8 Tobit   Dominec tdominecmd@wikia.com   Male   127.224.182.217 8 Noami   Sturdge nsturdgessme@geocities Female 113.1.218.217   8 Melissa Brick   mbrickmf@narod.ru      Non-bi 66.119.176.177  8 Adorne  Fawkes  afawkesmg@ftc.gov      Bigend 52.111.58.58    8 Floris  Moreing fmoreingmh@soundcloud. Non-bi 129.6.179.88    8 Benton  Linklet blinkletermi@omniture. Non-bi 200.118.47.149  8 Lorry   Sidebot lsidebottonmj@simplema Female 224.81.187.213  8 Marcelo Gladebe mgladebeckmk@dedecms.c Non-bi 162.130.114.202 8 Quintus Baythor qbaythorpml@ihg.com    Male   12.185.148.179  8 Melodie Philbin mphilbinmm@github.io   Female 75.198.179.4    8 Morgen  Pickwor mpickworthmn@mac.com   Male   155.186.214.43  8 Keene   Cockram kcockrammo@wikia.com   Male   205.156.96.44   8 Fulton  McGowra fmcgowranmp@google.com Male   15.33.41.160    8 Domenig Chesney dchesneymq@symantec.co Female 232.122.238.246 8 Morgun  Ealden  mealdenmr@senate.gov   Male   57.223.108.128  8 Nicolis Greedin ngreedingms@mtv.com    Male   115.96.33.46    8 Roselia Wabersi rwabersichmt@sbwire.co Female 167.165.173.216 8 Ora     Bazoche obazochemu@so-net.ne.j Female 123.150.230.126 8 Timmie  Watts   twattsmv@buzzfeed.com  Male   190.56.18.120   8 Burch   Slayfor bslayfordmw@ox.ac.uk   Male   26.132.180.150  8 Grantle Dahill  gdahillmx@amazon.com   Male   61.88.162.31    8 Isac    Folk    ifolkmy@blog.com       Bigend 159.28.183.142  8 Chlo    Olenov  colenovmz@hc360.com    Female 84.117.234.111  8 Swen    Titchar stitchardn0@illinois.e Male   158.224.171.136 8 Rhonda  Barmadi rbarmadiern1@google.ru Female 85.33.9.215     8 Holly   Alleyne halleynen2@storify.com Polyge 179.90.90.173   8 Morrie  Gotliff mgotliffen3@house.gov  Male   152.37.7.218    8 Eula    Gwyn    egwynn4@ted.com        Female 106.135.191.232 8 Martita Rabjohn mrabjohnsn5@php.net    Gender 70.219.209.236  8 Druci   Wildbor dwildboren6@squidoo.co Female 149.59.50.169   8 Oneida  Spottis ospottiswoodn7@japanpo Female 140.192.129.169 8 Clark   Gimblet cgimbletn8@census.gov  Male   118.41.18.190   8 Jilleen Huband  jhubandn9@unc.edu      Female 137.174.149.63  8 Buckie  McAusle bmcauslenena@washingto Male   153.137.59.77   8 Gladi   Adelman gadelmannb@usnews.com  Female 140.76.227.52   8 Lodovic Entreis lentreisnc@elegantthem Agende 39.217.245.62   8 Russell Eschale reschalettend@usda.gov Male   151.78.166.38   8 Kingsle Syalves ksyalvesterne@salon.co Polyge 249.252.73.36   8 Den     Gunda   dgundanf@typepad.com   Male   27.91.155.242   8 Erl     Clac    eclacng@huffingtonpost Male   59.48.45.89     8 Farleig Deener  fdeenernh@cnbc.com     Male   183.199.171.35  8 Myer    Feldmes mfeldmesserni@psu.edu  Male   25.189.163.255  8 Cristi  Lapthor clapthornenj@apple.com Female 9.57.73.218     8 Edna    Donniso edonnisonnk@ask.com    Female 48.229.253.12   8 Ceciliu Issard  cissardnl@imageshack.u Male   44.74.166.10    8 Colman  Crowhur ccrowhurstnm@yahoo.com Male   132.122.235.223 8 Lance   Dashkov ldashkovnn@trellian.co Male   197.121.190.218 8 Heidie  Janacek hjanacekno@skyrock.com Female 117.243.27.63   8 Tessy   Fossick tfossicknp@delicious.c Female 22.234.217.5    8 Hillary Ducker  hduckernq@google.com.a Female 75.236.101.246  8 Agretha Thursfi athursfieldnr@purevolu Female 72.182.43.139   8 Evan    Carrabo ecarrabotns@ocn.ne.jp  Male   171.31.71.204   8 Josephi Marriot jmarriottnt@umn.edu    Female 80.138.45.130   8 Cole    McMenam cmcmenamynu@xrea.com   Gender 180.72.122.26   8 Cos     Walaron cwalaronnv@fotki.com   Male   175.213.119.36  8 Iosep   Stickfo istickfordnw@wundergro Male   252.78.171.98   8 Etta    Henzer  ehenzernx@cpanel.net   Female 102.7.76.175    8 Rodrigo Karel   rkarelny@reverbnation. Male   188.19.58.99    8 Balduin Muckart bmuckartnz@toplist.cz  Male   170.246.134.10  8 Rossy   Bridie  rbridieo0@over-blog.co Male   29.234.149.155  8 Keefe   Romme   krommeo1@sfgate.com    Male   146.205.63.190  8 Florry  Klimkin fklimkino2@gnu.org     Female 28.42.22.250    8 Boyd    Sayre   bsayreo3@flavors.me    Male   208.189.235.131 8 Sascha  Negus   sneguso4@sphinn.com    Male   244.63.231.92   8 Rainer  MacConn rmacconneelyo5@house.g Male   239.53.35.239   8 Helenka Milhenc hmilhencho6@rambler.ru Female 88.254.107.53   8 Daisy   Sawyers dsawyerso7@earthlink.n Female 105.74.54.212   8 Christo Ions    cionso8@tinyurl.com    Male   110.58.35.238   8 Elden   Bover   ebovero9@hc360.com     Male   144.54.61.117   8 Alleen  Gumly   agumlyoa@ftc.gov       Female 228.215.109.24  8 Perry   Trimbey ptrimbeyob@jiathis.com Male   247.49.59.136   8 Abigale Stoneha astonehamoc@youtu.be   Female 135.238.248.243 8 Caesar  Bercher cbercherod@mapquest.co Male   38.156.54.92    8 Ethe    Scurrer escurreroe@weibo.com   Male   31.162.118.215  8 Vere    Leeb    vleebof@vistaprint.com Female 155.121.5.152   8 Reidar  Balke   rbalkeog@pcworld.com   Male   226.54.229.79   8 Emmalin Giacoma egiacomassooh@goodread Female 87.222.146.108  8 Renato  Toopin  rtoopinoi@jigsy.com    Male   17.233.142.139  8 Lindsay Murra   lmurraoj@deliciousdays Female 36.101.238.142  8 Tabina  Kasper  tkasperok@blogtalkradi Female 189.117.51.105  8 Llewell Ivanenk livanenkool@ezineartic Male   149.159.7.186   8 Mia     Byforth mbyforthom@tiny.cc     Female 50.124.78.162   8 Thorval Torra   ttorraon@wikia.com     Male   196.7.199.67    8 Lorinda Vye     lvyeoo@wordpress.org   Female 250.40.6.60     8 Eda     Smurfit esmurfittop@rediff.com Female 57.200.73.49    8 Carissa Paddiso cpaddisonoq@cpanel.net Female 189.77.3.84     8 Findley Shobbro fshobbrookor@springer. Male   216.188.31.77   8 Pippy   Hallwoo phallwoodos@fda.gov    Female 216.245.209.162 8 Devonna Servis  dservisot@bing.com     Female 173.12.49.94    8 Eugen   Peyntue epeyntueou@is.gd       Male   183.150.105.231 8 Antonin Jillett ajillettov@wisc.edu    Female 213.249.101.15  8 Manuel  Baskett mbasketterow@google.es Male   43.126.72.31    8 Gifford Budgeon gbudgeonox@icio.us     Male   149.158.254.209 8 Mickie  Smeath  msmeathoy@histats.com  Male   137.103.116.159 9 Johnath Fransew jfransewichoz@people.c Male   5.44.210.55     9 Meggy   Yorston myorstonp0@amazon.co.u Female 29.166.12.131   9 Deck    Firebra dfirebracep1@latimes.c Male   104.0.149.199   9 Peter   Burry   pburryp2@statcounter.c Male   145.56.122.15   9 Durward Matveic dmatveichevp3@weibo.co Male   51.11.175.199   9 Kakalin Oldrey  koldreyp4@netscape.com Female 238.206.137.108 9 Marilin Gotmann mgotmannp5@spotify.com Female 140.63.121.110  9 Dale    Goucher dgoucherp6@google.pl   Female 51.8.74.218     9 Lorita  Lucia   lluciap7@yelp.com      Female 165.23.78.38    9 Aurilia Bartelo abartelotp8@pinterest. Female 153.243.179.193 9 Paula   MacNeic pmacneicep9@geocities. Female 132.28.109.234  9 Noelyn  McKevin nmckevinpa@artisteer.c Female 226.129.107.205 9 Cherish McEntag cmcentagartpb@google.p Bigend 212.33.232.109  9 Guthrey Brockie gbrockiepc@examiner.co Male   137.200.231.208 9 Boyce   Pirrey  bpirreypd@noaa.gov     Male   242.23.113.16   9 Revkah  Liles   rlilespe@paypal.com    Polyge 131.37.238.32   9 Constan Muzzlew cmuzzlewhitepf@paypal. Female 8.92.238.244    9 Coleman Fell    cfellpg@etsy.com       Male   11.86.223.205   9 Ahmed   Stairma astairmandph@mozilla.c Non-bi 152.95.169.205  9 Riki    Wykes   rwykespi@nps.gov       Female 82.6.185.188    9 Gilles  Auld    gauldpj@ow.ly          Bigend 216.252.61.190  9 Brent   Klousne bklousnerpk@hatena.ne. Male   116.29.118.173  9 Fanechk Cristof fcristofolpl@uiuc.edu  Female 21.162.155.151  9 Hesther Keohane hkeohanepm@whitehouse. Female 105.70.107.58   9 Damian  Nicklin dnicklinsonpn@ucsd.edu Male   2.106.242.100   9 Dion    Bertele dberteletpo@umn.edu    Male   121.130.19.185  9 David   Linny   dlinnypp@nature.com    Gender 89.162.160.217  9 Karlan  Bernard kbernardellipq@engadge Male   19.229.44.88    9 Dollie  Swendel dswendellpr@chicagotri Female 111.47.162.175  9 Bobbie  Murkus  bmurkusps@columbia.edu Male   118.9.27.109    9 Currie  Leslie  clesliept@technorati.c Non-bi 126.125.190.98  9 Chickie Phelipe cphelipeauxpu@unesco.o Male   88.75.186.143   9 Jamil   Juster  jjusterpv@fotki.com    Male   49.128.43.47    9 Reinwal Luna    rlunapw@etsy.com       Male   158.70.15.166   9 Perkin  Sabbati psabbatierpx@scribd.co Male   208.222.51.98   9 Pamela  Shurmer pshurmerpy@cam.ac.uk   Female 103.60.212.85   9 Etienne Posselw eposselwhitepz@pagespe Male   114.59.117.227  9 Julee   Kubala  jkubalaq0@webs.com     Female 148.117.38.109  9 Twila   Coolaha tcoolahanq1@whitehouse Female 103.93.125.232  9 Melvyn  Cristea mcristeaq2@nba.com     Male   143.75.248.188  9 Kacie   Hearle  khearleq3@wikia.com    Female 185.21.99.150   9 Charmio MacCagu cmaccagueq4@independen Female 212.86.85.12    9 Scotty  Howorth showorthq5@etsy.com    Male   230.202.141.211 9 Emmey   Jalland ejallandq6@desdev.cn   Female 104.67.34.59    9 Chalmer Hixley  chixleyq7@soundcloud.c Male   80.236.199.242  9 Farrah  Sclande fsclandersq8@cdc.gov   Female 79.231.106.85   9 Issiah  Stonham istonhamq9@oracle.com  Male   77.66.175.27    9 Gardy   Webburn gwebburnqa@usnews.com  Male   36.121.183.215  9 Kinny   Posnett kposnetteqb@pagesperso Bigend 84.162.173.144  9 Niko    Herculs nherculsonqc@chron.com Polyge 200.113.170.117 9 Rheta   Sidaway rsidawayqd@live.com    Female 165.127.211.198 9 Bary    Gethen  bgethenqe@google.com   Male   16.12.1.14      9 Cobb    Rendall crendallqf@bbc.co.uk   Gender 56.171.41.64    9 Maison  Dominy  mdominyqg@artisteer.co Gender 242.99.127.143  9 Leeanne Greenal lgreenalfqh@etsy.com   Female 67.215.144.0    9 Shellys Verrall sverrallsqi@creativeco Male   153.94.188.224  9 Donaugh Thurske dthurskeqj@flickr.com  Gender 40.177.152.126  9 Lian    Cutler  lcutlerqk@yellowbook.c Female 3.226.72.169    9 Patsy   McQuirt pmcquirterql@eventbrit Male   186.177.82.129  9 Otto    Beltzne obeltznerqm@mysql.com  Gender 98.129.174.238  9 Barth   Purvis  bpurvisqn@java.com     Male   107.58.142.18   9 Bunnie  Canty   bcantyqo@soundcloud.co Female 210.183.220.199 9 Chen    Edgcumb cedgcumbeqp@miibeian.g Polyge 104.189.44.70   9 Gratia  Gentil  ggentilqq@booking.com  Female 43.237.197.228  9 Celinka Brame   cbrameqr@tripod.com    Female 244.123.148.156 9 Monika  Fryers  mfryersqs@exblog.jp    Female 38.197.202.88   9 Delcine Gilyott dgilyottqt@berkeley.ed Female 117.201.173.39  9 Tally   Duncans tduncansonqu@slate.com Male   118.234.35.217  9 Wendy   Coakley wcoakleyqv@msn.com     Female 22.240.198.100  9 Damon   Bannon  dbannonqw@aol.com      Male   23.155.5.191    9 Minne   Menloe  mmenloeqx@ted.com      Female 23.42.39.238    9 Gilbert Ormes   gormesqy@google.com.au Female 13.20.108.116   9 Tracey  De Lasp tdelaspeeqz@pagesperso Male   37.139.231.58   9 Latrena Paddle  lpaddler0@intel.com    Female 212.164.23.248  9 Meryl   Radbond mradbondr1@china.com.c Male   146.192.71.217  9 Leanor  Rushman lrushmanr2@seesaa.net  Female 130.55.65.175   9 Delly   Vallanc dvallancer3@dion.ne.jp Female 129.165.170.193 9 Austin  Bruins  abruinsr4@cargocollect Female 56.188.142.12   9 Sascha  Skehan  sskehanr5@tinypic.com  Male   86.79.175.141   9 Pacorro Velden  pveldenr6@blinklist.co Male   14.173.161.74   9 Burtie  Shanley bshanleyr7@github.com  Male   110.51.79.235   9 Ginelle Wimp    gwimpr8@163.com        Bigend 222.130.25.49   9 Lorinda Scholig lscholigr9@bloomberg.c Female 175.172.162.241 9 Shurloc Webby   swebbyra@google.co.jp  Male   146.255.220.83  9 Mechell Saur    msaurrb@cbslocal.com   Female 38.43.254.183   9 Ali     Fipp    afipprc@adobe.com      Male   105.170.232.196 9 Bronny  Klement bklementrd@clickbank.n Male   153.231.88.243  9 Corbett Haydock chaydockre@hostgator.c Male   173.18.172.135  9 Diahann Ludlow  dludlowrf@biblegateway Female 161.203.214.244 9 Shelia  Lowthor slowthorperg@salon.com Female 228.155.111.216 9 Sigvard Hatters shatterslayrh@cargocol Male   65.88.82.6      9 Carolan Iacopet ciacopettiri@dedecms.c Female 207.198.199.230 9 Billy   Sultana bsultanarj@oracle.com  Female 83.48.105.229   9 Chaunce Chessel cchessellrk@behance.ne Polyge 201.138.54.81   9 Marve   Erie    merierl@tuttocitta.it  Male   0.204.230.198   9 Janenna Schafer jschaferrm@virginia.ed Bigend 158.225.25.187  9 Abagail Hightow ahightownrn@behance.ne Female 238.129.42.21   9 Chrissy Knowlso cknowlsonro@gmpg.org   Male   154.204.4.207   9 Inge    McMenam imcmenamierp@newyorker Bigend 189.62.8.210    9 Charity Bewicke cbewickerq@phpbb.com   Female 103.217.156.95  1 Tammie  De Gior tdegiorgiorr@xrea.com  Female 187.137.117.44